{
  "name": "Whitney_Extra_Mod",
  "version": "0.0.1",
  "styleFileList": [],
  "scriptFileList": [
    "game/03-JavaScript/whitney_extra_mod_fn.js"
  ],
  "tweeFileList": [
    "game/whitney_extra_mod_lake.twee",
  ],
  "imgFileList": [],
  "additionFile": [
    "README.md"
  ],
  "addonPlugin": [
    {
      "modName": "ReplacePatcher",
      "addonName": "ReplacePatcherAddon",
      "modVersion": "1.0.0",
      "params": {
        "js": [
          {
            "from": "text: V.whitney_text,",
            "to": "text: V.whitney_text,\n\t\t\t\twhitExtMod_lake: V.whitextmod_lake,\n\t\t\t\twhitExtMod_duck: V.whitextmod_duck,\n\n\t\twhitExtMod_clothes: V.whitextmod_clothes,",
            "fileName": "ingame.js"
          }
        ]
      }
    },
    {
      "modName": "TweeReplacer",
      "addonName": "TweeReplacerAddon",
      "modVersion": "1.0.0",
      "params": [
        {
          "passage": "Lake Shore",
          "findString": "<<if Time.hour gte 18 and $halloween is 1 and Time.monthDay is 31 and $halloween_lake is 1>>",
          "replace": "<<whitExtMod_lake>>\n\n\t\t<<if Time.hour gte 18 and $halloween is 1 and Time.monthDay is 31 and $halloween_lake is 1>>"
        }
      ]
    }
  ],
  "dependenceInfo": [
    {
      "modName": "TweeReplacer",
      "version": "^1.0.0"
    },
    {
      "modName": "ReplacePatcher",
      "version": "^1.0.0"
    }
  ]
}