{
  "name": "Whitney_Additions_Mod",
  "version": "0.0.1",
  "styleFileList": [],
  "scriptFileList": [],
  "tweeFileList": [
    "game/whitney_additions_mod_lake.twee"
  ],
  "imgFileList": [],
  "additionFile": [
    "readme.md"
  ],
  "addonPlugin": [
    {
      "modName": "TweeReplacer",
      "addonName": "TweeReplacerAddon",
      "modVersion": "1.0.0",
      "params": [
        {
          "passage": "Lake Shore",
          "findString": "<<if Time.hour gte 18 and $halloween is 1 and Time.monthDay is 31 and $halloween_lake is 1>>",
          "replace": "\t\t你看到有個人影撐著傘站在湖邊，是惠特尼。你看到那附近有一群鴨子。\n\t\t<br/>\n\t\t<<ind>><<link [[靠近|Whitney Additions Mod Lake]]>><</link>>\n\t\t<br/><br/>\n\n\t\t<<if Time.hour gte 18 and $halloween is 1 and Time.monthDay is 31 and $halloween_lake is 1>>"
        }
      ]
    }
  ],
  "dependenceInfo": [
    {
      "modName": "TweeReplacer",
      "version": "1.0.0"
    }
  ]
}